{
  "questions": 9,
  "mode": "hybrid",
  "embed_provider": "fastembed",
  "embed_model": "all-MiniLM-L6-v2",
  "top_k": 10,
  "overall": {
    "count": 9,
    "recall_at_1": 1.0,
    "recall_at_5": 1.0,
    "recall_at_10": 1.0,
    "mrr_at_10": 1.0,
    "ndcg_at_10": 1.0,
    "avg_ingest_ms": 109.22222222222223,
    "avg_query_ms": 9.555555555555555
  },
  "by_language": {
    "en": {
      "count": 3,
      "recall_at_1": 1.0,
      "recall_at_5": 1.0,
      "recall_at_10": 1.0,
      "mrr_at_10": 1.0,
      "ndcg_at_10": 1.0,
      "avg_ingest_ms": 108.0,
      "avg_query_ms": 9.0
    },
    "ja": {
      "count": 3,
      "recall_at_1": 1.0,
      "recall_at_5": 1.0,
      "recall_at_10": 1.0,
      "mrr_at_10": 1.0,
      "ndcg_at_10": 1.0,
      "avg_ingest_ms": 111.33333333333333,
      "avg_query_ms": 10.333333333333334
    },
    "zh": {
      "count": 3,
      "recall_at_1": 1.0,
      "recall_at_5": 1.0,
      "recall_at_10": 1.0,
      "mrr_at_10": 1.0,
      "ndcg_at_10": 1.0,
      "avg_ingest_ms": 108.33333333333333,
      "avg_query_ms": 9.333333333333334
    }
  },
  "by_modality": {
    "document": {
      "count": 3,
      "recall_at_1": 1.0,
      "recall_at_5": 1.0,
      "recall_at_10": 1.0,
      "mrr_at_10": 1.0,
      "ndcg_at_10": 1.0,
      "avg_ingest_ms": 107.66666666666667,
      "avg_query_ms": 9.333333333333334
    },
    "image": {
      "count": 3,
      "recall_at_1": 1.0,
      "recall_at_5": 1.0,
      "recall_at_10": 1.0,
      "mrr_at_10": 1.0,
      "ndcg_at_10": 1.0,
      "avg_ingest_ms": 110.33333333333333,
      "avg_query_ms": 9.666666666666666
    },
    "scanned_pdf": {
      "count": 3,
      "recall_at_1": 1.0,
      "recall_at_5": 1.0,
      "recall_at_10": 1.0,
      "mrr_at_10": 1.0,
      "ndcg_at_10": 1.0,
      "avg_ingest_ms": 109.66666666666667,
      "avg_query_ms": 9.666666666666666
    }
  },
  "by_question_type": {
    "attachment_document": {
      "count": 3,
      "recall_at_1": 1.0,
      "recall_at_5": 1.0,
      "recall_at_10": 1.0,
      "mrr_at_10": 1.0,
      "ndcg_at_10": 1.0,
      "avg_ingest_ms": 107.66666666666667,
      "avg_query_ms": 9.333333333333334
    },
    "attachment_image": {
      "count": 3,
      "recall_at_1": 1.0,
      "recall_at_5": 1.0,
      "recall_at_10": 1.0,
      "mrr_at_10": 1.0,
      "ndcg_at_10": 1.0,
      "avg_ingest_ms": 110.33333333333333,
      "avg_query_ms": 9.666666666666666
    },
    "attachment_scanned_pdf": {
      "count": 3,
      "recall_at_1": 1.0,
      "recall_at_5": 1.0,
      "recall_at_10": 1.0,
      "mrr_at_10": 1.0,
      "ndcg_at_10": 1.0,
      "avg_ingest_ms": 109.66666666666667,
      "avg_query_ms": 9.666666666666666
    }
  }
}
