{
  "questions": 9,
  "mode": "keyword-only",
  "embed_provider": "none",
  "embed_model": "none",
  "top_k": 10,
  "overall": {
    "count": 9,
    "recall_at_1": 0.3333333333333333,
    "recall_at_5": 0.3333333333333333,
    "recall_at_10": 0.3333333333333333,
    "mrr_at_10": 0.3333333333333333,
    "ndcg_at_10": 0.3333333333333333,
    "avg_ingest_ms": 54.0,
    "avg_query_ms": 2.0
  },
  "by_language": {
    "en": {
      "count": 3,
      "recall_at_1": 1.0,
      "recall_at_5": 1.0,
      "recall_at_10": 1.0,
      "mrr_at_10": 1.0,
      "ndcg_at_10": 1.0,
      "avg_ingest_ms": 57.0,
      "avg_query_ms": 2.0
    },
    "ja": {
      "count": 3,
      "recall_at_1": 0.0,
      "recall_at_5": 0.0,
      "recall_at_10": 0.0,
      "mrr_at_10": 0.0,
      "ndcg_at_10": 0.0,
      "avg_ingest_ms": 52.333333333333336,
      "avg_query_ms": 2.0
    },
    "zh": {
      "count": 3,
      "recall_at_1": 0.0,
      "recall_at_5": 0.0,
      "recall_at_10": 0.0,
      "mrr_at_10": 0.0,
      "ndcg_at_10": 0.0,
      "avg_ingest_ms": 52.666666666666664,
      "avg_query_ms": 2.0
    }
  },
  "by_modality": {
    "document": {
      "count": 3,
      "recall_at_1": 0.3333333333333333,
      "recall_at_5": 0.3333333333333333,
      "recall_at_10": 0.3333333333333333,
      "mrr_at_10": 0.3333333333333333,
      "ndcg_at_10": 0.3333333333333333,
      "avg_ingest_ms": 52.666666666666664,
      "avg_query_ms": 2.0
    },
    "image": {
      "count": 3,
      "recall_at_1": 0.3333333333333333,
      "recall_at_5": 0.3333333333333333,
      "recall_at_10": 0.3333333333333333,
      "mrr_at_10": 0.3333333333333333,
      "ndcg_at_10": 0.3333333333333333,
      "avg_ingest_ms": 55.333333333333336,
      "avg_query_ms": 2.0
    },
    "scanned_pdf": {
      "count": 3,
      "recall_at_1": 0.3333333333333333,
      "recall_at_5": 0.3333333333333333,
      "recall_at_10": 0.3333333333333333,
      "mrr_at_10": 0.3333333333333333,
      "ndcg_at_10": 0.3333333333333333,
      "avg_ingest_ms": 54.0,
      "avg_query_ms": 2.0
    }
  },
  "by_question_type": {
    "attachment_document": {
      "count": 3,
      "recall_at_1": 0.3333333333333333,
      "recall_at_5": 0.3333333333333333,
      "recall_at_10": 0.3333333333333333,
      "mrr_at_10": 0.3333333333333333,
      "ndcg_at_10": 0.3333333333333333,
      "avg_ingest_ms": 52.666666666666664,
      "avg_query_ms": 2.0
    },
    "attachment_image": {
      "count": 3,
      "recall_at_1": 0.3333333333333333,
      "recall_at_5": 0.3333333333333333,
      "recall_at_10": 0.3333333333333333,
      "mrr_at_10": 0.3333333333333333,
      "ndcg_at_10": 0.3333333333333333,
      "avg_ingest_ms": 55.333333333333336,
      "avg_query_ms": 2.0
    },
    "attachment_scanned_pdf": {
      "count": 3,
      "recall_at_1": 0.3333333333333333,
      "recall_at_5": 0.3333333333333333,
      "recall_at_10": 0.3333333333333333,
      "mrr_at_10": 0.3333333333333333,
      "ndcg_at_10": 0.3333333333333333,
      "avg_ingest_ms": 54.0,
      "avg_query_ms": 2.0
    }
  }
}
